pos_affect,neg_affect,Neuroticism,Extraversion
0.0,0.0,11.0,15.0
2.25,1.0,20.0,20.0
0.75,0.0,15.0,13.0
0.0,0.0,17.0,11.0
0.0,0.0,4.0,11.0
0.75,0.0,11.0,9.0
1.75,0.0,8.0,18.0
0.5,0.0,11.0,18.0
0.25,0.0,12.0,16.0
0.75,0.5,15.0,16.0
2.5,0.0,9.0,18.0
0.0,0.0,9.0,14.0
0.75,0.0,8.0,8.0
0.75,0.0,11.0,12.0
0.25,0.0,14.0,17.0
1.0,0.0,6.0,14.0
0.0,0.0,18.0,7.0
2.0,3.0,14.0,18.0
2.0,0.0,18.0,12.0
0.0,0.5,6.0,15.0
0.25,0.0,8.0,14.0
1.0,0.0,11.0,14.0
0.0,0.0,3.0,13.0
1.0,0.0,15.0,7.0
0.0,0.0,8.0,15.0
0.75,0.0,6.0,20.0
0.25,0.0,18.0,10.0
0.0,0.0,4.0,14.0
0.25,0.0,15.0,7.0
0.25,0.0,4.0,11.0
1.0,0.0,12.0,11.0
1.75,0.0,8.0,13.0
0.25,0.0,2.0,16.0
0.0,0.0,23.0,7.0
0.0,0.0,21.0,12.0
1.0,0.0,8.0,12.0
0.25,0.0,3.0,3.0
0.5,0.0,12.0,18.0
0.0,0.0,6.0,9.0
0.25,0.0,17.0,3.0
0.0,0.0,14.0,7.0
0.0,0.0,7.0,14.0
1.0,0.0,8.0,15.0
0.75,0.0,12.0,6.0
0.0,0.0,12.0,6.0
0.0,0.3333333333333333,19.0,7.0
0.0,2.0,14.0,17.0
0.0,0.0,6.3,15.8
1.5,0.0,11.0,10.0
0.25,0.0,11.0,19.0
1.5,0.3333333333333333,12.0,12.0
0.75,0.0,18.0,13.0
0.25,3.0,17.0,4.0
0.0,0.0,5.0,19.0
0.25,0.3333333333333333,7.0,14.0
2.25,0.6666666666666666,10.0,19.0
0.0,0.0,17.0,15.0
0.0,0.0,12.0,17.0
0.0,0.0,4.0,17.0
0.75,0.0,6.0,21.0
0.5,0.0,11.0,19.0
0.0,0.3333333333333333,18.0,7.0
0.0,0.0,9.0,8.0
0.0,0.0,10.0,6.0
0.0,0.6666666666666666,11.0,10.0
0.25,0.0,10.0,13.0
0.0,0.6666666666666666,9.0,13.0
0.25,0.0,3.0,11.7
1.0,0.3333333333333333,17.0,16.0
2.0,0.6666666666666666,16.0,16.0
1.75,0.3333333333333333,10.0,10.0
1.0,0.0,13.0,7.7
0.25,1.0,23.0,16.0
0.0,0.0,16.0,9.0
0.0,0.6666666666666666,23.0,17.0
0.0,0.3333333333333333,17.0,0.0
0.25,0.0,21.0,10.0
0.75,0.0,1.0,13.0
0.25,0.3333333333333333,12.0,21.0
0.0,0.3333333333333333,8.0,13.0
0.0,0.6666666666666666,4.0,5.0
0.0,0.0,7.0,15.0
0.5,0.0,7.0,17.0
0.0,0.0,5.0,16.0
0.0,0.0,5.0,11.0
0.25,0.0,6.0,18.0
0.5,0.3333333333333333,15.0,15.0
0.25,0.3333333333333333,19.0,14.0
0.25,0.0,12.0,1.0
0.25,0.0,10.0,14.0
0.25,0.0,11.0,11.0
0.25,0.0,11.0,4.0
1.25,0.3333333333333333,7.0,14.0
0.25,0.0,11.0,12.0
2.25,0.0,7.0,10.0
0.25,0.0,2.0,15.0
0.75,0.0,11.0,13.0
1.25,0.6666666666666666,17.0,6.0
1.75,0.3333333333333333,15.0,12.0
1.25,0.0,8.0,17.0
0.5,0.3333333333333333,NA,NA
1.0,0.3333333333333333,17.0,9.0
1.75,0.0,9.0,13.0
1.0,0.0,1.0,14.0
0.0,0.3333333333333333,15.0,19.0
1.25,0.0,5.0,13.0
2.0,0.6666666666666666,2.0,16.0
1.25,1.0,16.0,5.0
0.75,0.0,3.0,13.0
0.0,0.3333333333333333,8.0,10.0
1.25,0.0,NA,NA
0.75,1.0,20.0,13.0
1.5,1.0,16.0,14.0
0.0,0.3333333333333333,10.0,16.0
0.0,0.0,13.0,19.0
0.0,0.6666666666666666,4.0,14.0
1.0,0.0,7.0,11.0
0.5,0.0,9.0,10.0
0.5,0.0,6.0,18.0
0.25,0.0,10.0,9.0
0.0,0.0,12.0,14.0
0.25,0.0,12.0,10.0
0.25,0.0,12.0,3.0
0.0,0.3333333333333333,3.0,14.0
1.5,0.0,10.0,16.0
0.5,0.0,8.0,15.0
2.25,0.0,1.0,13.0
0.25,0.3333333333333333,14.0,18.0
0.25,0.0,9.0,11.0
0.5,0.0,6.0,12.0
0.25,0.6666666666666666,14.0,10.0
0.0,0.0,4.0,9.0
1.5,0.0,16.0,17.0
0.0,0.0,8.0,17.0
0.25,0.3333333333333333,6.0,11.0
0.25,0.0,5.0,12.0
1.25,0.0,3.0,11.0
0.75,3.0,19.0,14.0
1.0,0.0,2.0,19.0
0.75,1.3333333333333333,16.0,15.0
0.0,0.3333333333333333,4.0,14.0
0.25,0.0,7.0,22.0
0.0,0.0,6.0,9.0
0.0,0.0,5.0,15.0
0.5,1.0,3.0,16.0
1.25,0.0,10.0,14.0
1.75,0.0,4.0,15.0
1.25,0.0,10.0,7.0
0.0,0.6666666666666666,3.0,14.0
0.25,0.0,12.0,15.0
0.75,0.0,7.0,19.0
1.5,0.0,6.0,9.0
0.0,0.3333333333333333,17.0,5.0
0.5,0.3333333333333333,2.0,16.0
0.5,0.0,7.0,13.0
0.0,0.0,23.0,17.0
0.25,0.0,16.0,8.0
0.5,0.3333333333333333,5.0,15.0
0.0,0.0,10.0,15.0
1.25,0.0,4.0,19.0
0.0,0.0,9.0,8.0
0.25,0.0,4.0,14.0
1.0,0.5,7.0,11.0
0.5,0.0,1.0,14.0
0.25,0.0,14.0,9.0
0.0,0.0,2.0,13.0
0.0,0.0,12.0,14.0
2.0,0.0,6.0,14.0
0.5,0.0,17.0,19.0
0.0,0.0,8.0,24.0
1.25,0.6666666666666666,8.0,15.0
1.0,0.0,7.0,16.0
0.5,0.0,6.0,16.0
0.0,0.0,4.0,13.0
1.5,0.3333333333333333,12.0,17.0
0.5,0.3333333333333333,14.0,19.0
0.5,0.0,13.0,16.0
0.0,0.0,14.0,4.0
1.5,0.0,8.0,20.0
0.0,0.0,9.0,18.0
0.5,1.0,12.0,15.0
0.0,0.6666666666666666,15.0,14.0
1.5,0.0,3.0,14.0
0.25,0.0,2.0,16.0
0.75,0.0,6.0,18.0
0.75,0.0,8.0,14.0
2.25,1.0,9.0,13.0
1.75,0.3333333333333333,7.0,9.0
0.5,0.3333333333333333,12.0,12.0
0.25,0.0,8.0,12.0
1.25,0.0,6.0,8.0
0.0,0.0,8.0,18.0
0.25,0.0,8.0,18.0
0.0,1.6666666666666667,20.0,14.0
0.5,0.0,4.0,14.0
1.75,0.0,4.0,17.0
0.0,0.6666666666666666,16.0,14.0
0.5,0.0,14.0,13.0
1.5,1.0,20.0,10.0
0.5,3.0,20.0,5.0
1.25,0.0,18.0,14.0
0.25,0.0,0.0,14.0
1.5,0.0,16.0,14.0
1.25,0.0,8.0,17.0
1.5,0.0,14.0,18.0
0.75,0.0,5.0,9.0
1.5,0.5,13.0,6.0
1.5,0.0,4.0,13.0
0.0,0.0,7.0,9.0
1.5,0.0,4.0,16.0
0.25,0.0,15.0,12.0
1.5,0.0,5.0,14.0
0.75,0.5,12.0,7.0
1.25,0.0,4.0,17.0
0.75,0.0,4.0,20.0
1.0,0.0,10.0,16.0
0.0,0.0,21.0,14.0
1.0,0.0,2.0,13.0
0.0,0.0,17.0,14.0
0.5,0.0,13.0,2.0
1.0,0.0,10.0,17.0
1.0,0.0,3.0,16.0
0.5,0.0,10.0,18.0
1.5,0.5,18.0,14.0
1.25,0.5,13.0,22.0
1.0,0.0,22.0,16.0
1.0,0.0,11.0,6.0
0.5,0.0,5.0,13.0
1.75,0.0,8.0,17.0
1.0,0.0,6.0,6.0
0.75,0.0,1.0,14.0
0.0,0.0,5.0,21.0
0.25,0.0,10.0,21.0
0.75,0.0,0.0,12.0
0.0,0.0,7.0,19.0
2.0,0.0,15.0,16.0
0.25,0.0,9.0,11.0
0.25,0.0,12.0,8.0
0.75,0.0,15.0,15.0
0.5,0.5,14.0,15.0
0.25,0.5,5.0,21.0
0.0,0.0,12.0,6.0
0.25,0.0,12.0,14.0
0.5,0.6666666666666666,5.0,12.0
0.25,0.0,11.0,11.0
0.25,0.0,13.0,11.0
1.5,0.3333333333333333,6.0,15.0
0.0,0.0,7.0,18.0
2.0,0.0,13.0,13.0
1.5,0.0,5.0,15.0
0.25,0.3333333333333333,15.0,12.0
0.25,0.3333333333333333,6.0,18.0
1.5,0.0,7.0,17.0
0.0,0.3333333333333333,23.0,9.0
0.25,0.0,6.0,16.0
0.5,0.0,9.0,18.0
1.0,0.3333333333333333,9.0,20.0
0.25,1.0,10.0,11.0
0.25,0.0,12.0,10.0
1.0,0.3333333333333333,15.0,12.0
0.0,0.0,9.0,12.0
0.0,0.3333333333333333,12.0,19.0
0.0,0.6666666666666666,11.0,18.0
0.25,0.6666666666666666,14.0,3.0
1.5,0.0,5.0,12.0
0.0,0.0,13.0,14.0
1.0,0.0,13.0,13.0
0.0,0.5,17.0,10.0
1.25,0.0,4.0,10.0
0.25,0.0,10.0,11.0
0.25,0.0,23.0,17.0
0.0,2.5,18.0,12.0
0.0,0.0,5.0,17.0
1.25,0.0,11.0,12.0
2.0,0.0,20.0,12.0
0.5,0.0,3.0,16.0
0.5,0.0,5.0,16.0
1.5,0.0,8.0,21.0
0.75,0.0,12.0,14.0
0.25,0.5,20.0,9.0
2.25,0.0,8.0,16.0
0.25,0.0,17.0,16.0
0.25,1.0,17.0,16.0
0.0,0.5,17.0,14.0
0.0,0.5,15.0,3.0
0.25,0.0,4.0,18.0
0.75,0.0,7.0,18.0
0.0,0.0,22.0,11.0
0.75,0.0,15.0,15.0
0.0,0.0,14.0,17.0
0.5,0.0,6.0,13.0
0.25,0.5,7.0,12.0
1.25,0.0,9.0,8.0
0.25,0.0,4.0,11.0
0.25,1.0,16.0,18.0
0.0,0.0,12.0,20.0
0.0,0.5,3.0,16.0
0.5,0.0,14.0,15.0
0.0,0.0,9.0,15.0
1.0,1.0,16.0,22.0
0.0,0.0,19.0,8.0
0.75,0.0,14.0,2.0
0.75,0.0,5.0,17.0
0.5,0.0,4.0,20.0
0.0,0.5,19.0,7.0
0.0,1.5,3.0,11.0
0.0,0.0,14.0,10.0
0.0,0.0,9.0,13.0
0.0,0.0,3.0,10.0
1.0,0.0,6.0,18.0
0.0,0.0,10.0,18.0
0.25,0.0,5.0,12.0
0.25,0.0,7.0,13.0
0.25,0.0,10.0,11.0
0.25,0.0,11.0,16.0
0.5,0.0,14.0,14.0
0.5,0.0,7.0,20.0
0.0,0.0,7.0,17.0
0.0,2.0,15.0,6.0
1.0,0.0,13.0,8.0
1.75,0.0,15.0,13.0
0.75,0.5,11.0,17.0
1.5,0.0,7.0,15.0
1.25,1.0,15.0,21.0
1.0,0.0,17.0,20.0
0.5,0.0,12.0,18.0
0.0,0.0,11.0,14.0
0.75,1.0,4.0,21.0
0.0,0.0,14.0,12.0
1.25,1.0,8.0,19.0
2.25,0.0,5.0,19.0
0.25,0.0,7.0,18.0
0.0,0.0,8.0,12.0
0.25,0.0,13.0,11.0
0.0,0.5,11.0,18.0
0.25,0.0,10.0,3.0
0.0,0.0,3.0,16.0
2.5,0.0,0.0,13.0
0.5,1.0,19.0,14.0
0.75,0.0,16.0,6.0
0.0,0.0,8.0,15.0
0.25,0.0,12.0,14.0
0.5,0.0,2.0,16.0
1.0,0.0,7.0,8.0
1.0,0.5,9.0,15.0
0.0,0.0,15.0,16.0
1.0,0.0,14.0,7.0
1.25,0.0,8.0,14.0
0.0,0.0,8.0,16.0
0.0,0.0,10.0,16.0
1.0,0.0,5.0,10.0
0.25,0.0,4.0,14.0
0.5,0.0,5.0,9.0
0.0,0.0,8.0,15.0
0.0,0.5,13.0,10.0
0.25,0.0,6.0,12.0
1.0,0.0,9.0,9.0
0.0,0.0,16.0,10.0
0.0,0.0,12.0,5.0
0.25,0.0,11.0,18.0
0.75,0.0,9.0,12.0
1.5,0.0,15.0,15.0
1.25,0.0,9.0,15.0
1.25,0.0,15.0,11.0
1.75,0.0,5.0,19.0
2.75,1.0,9.0,19.0
1.25,0.0,10.0,8.0
0.25,0.0,7.0,12.0
0.0,0.0,19.0,2.0
0.75,0.0,9.0,6.0
0.0,0.0,13.0,15.0
0.25,0.5,15.0,16.0
1.5,0.0,8.0,15.0
1.0,0.0,9.0,13.0
0.0,0.0,11.0,10.0
0.5,0.0,8.0,15.0
1.5,0.0,8.0,21.0
1.0,0.0,5.0,12.0
0.0,0.5,18.0,10.0
0.5,0.0,3.0,13.0
0.0,0.0,9.0,24.0
1.75,1.5,9.0,21.0
0.25,0.0,1.0,15.0
0.75,0.5,15.0,8.0
0.0,0.0,16.0,13.0
0.0,0.0,13.0,12.0
1.75,0.0,2.0,19.0
1.0,0.0,8.0,14.0
0.25,0.0,11.0,15.0
1.0,0.0,14.0,9.0
0.0,0.0,14.0,19.0
0.25,0.0,14.0,17.0
0.6666666666666666,0.0,13.0,13.0
0.25,0.0,8.0,22.0
3.0,0.0,9.0,17.0
0.25,0.0,12.0,16.0
1.25,0.0,14.0,14.0
0.75,0.0,4.0,9.0
1.25,0.0,4.0,12.0
0.0,0.0,14.0,12.0
0.75,0.0,7.0,19.0
0.0,0.0,13.0,20.0
1.75,0.5,11.0,13.0
0.75,0.0,5.0,15.0
0.5,0.0,10.0,14.0
0.75,0.0,9.0,18.0
0.25,0.5,11.0,19.0
1.5,0.0,0.0,16.0
0.5,0.0,9.0,10.0
0.0,0.0,11.0,19.0
1.25,0.0,10.0,16.0
0.5,0.0,13.0,10.0
1.5,0.0,9.0,13.0
0.75,1.5,16.0,17.0
0.0,0.0,12.0,11.0
0.25,0.0,6.0,7.0
0.25,0.0,10.0,16.0
0.0,2.0,7.0,14.0
0.0,0.0,3.0,14.0
0.0,0.0,7.0,22.0
0.75,0.0,11.0,17.0
1.75,0.0,6.0,5.0
2.25,0.6666666666666666,21.0,16.0
0.75,0.0,16.0,12.0
0.0,0.6666666666666666,10.3,12.0
1.75,0.0,5.0,14.0
0.25,0.6666666666666666,13.0,17.0
2.25,1.0,7.0,20.0
0.0,0.0,4.0,6.0
0.0,0.6666666666666666,9.0,10.0
0.25,0.0,7.0,18.0
0.5,0.3333333333333333,17.0,8.0
0.0,1.0,10.0,14.0
0.75,0.6666666666666666,18.0,4.0
0.25,0.6666666666666666,12.0,16.0
0.0,0.3333333333333333,10.0,13.0
0.25,0.0,17.0,14.0
1.0,0.3333333333333333,5.0,21.0
1.5,0.0,11.0,21.0
1.75,0.6666666666666666,16.0,17.0
2.0,0.0,9.0,22.0
1.5,0.3333333333333333,7.0,16.0
0.25,0.3333333333333333,13.0,11.0
0.75,0.6666666666666666,5.0,6.0
1.5,0.0,2.0,18.0
0.5,1.6666666666666667,8.0,18.0
0.5,0.0,8.0,19.0
0.25,1.0,14.0,3.0
2.0,0.6666666666666666,13.0,19.0
0.25,1.0,13.0,21.0
0.0,0.3333333333333333,10.0,17.0
0.0,0.0,3.0,15.0
0.25,0.0,16.0,14.0
2.5,0.0,10.0,7.0
1.75,0.3333333333333333,7.0,18.0
0.0,1.0,20.0,9.0
0.25,0.6666666666666666,10.0,15.0
0.0,0.3333333333333333,11.0,6.0
1.75,1.0,16.0,13.0
0.0,1.3333333333333333,16.0,16.0
1.0,0.6666666666666666,14.0,14.0
1.0,0.3333333333333333,12.0,11.0
0.5,3.0,20.0,13.0
1.0,0.3333333333333333,10.0,19.0
0.0,0.0,11.0,10.0
1.0,0.0,5.0,12.0
0.0,0.0,12.0,21.0
0.25,0.0,12.0,18.0
2.0,0.3333333333333333,13.0,14.0
1.0,0.3333333333333333,14.0,15.0
0.25,0.3333333333333333,10.0,12.0
0.5,0.6666666666666666,2.0,16.0
1.75,0.6666666666666666,17.0,9.0
1.0,0.3333333333333333,8.0,3.0
0.0,0.0,11.0,14.0
0.0,0.6666666666666666,10.0,19.0
1.0,0.0,7.0,15.0
1.0,0.0,13.0,12.0
0.0,0.0,9.0,5.0
1.25,0.3333333333333333,11.0,15.0
1.25,0.0,13.0,19.0
1.0,1.0,14.0,3.0
0.0,0.0,12.0,14.0
1.25,0.3333333333333333,8.0,17.0
0.0,0.0,19.0,15.0
3.0,0.0,2.0,14.0
0.25,0.0,11.0,15.0
0.25,0.3333333333333333,4.0,19.0
1.25,1.0,11.0,7.0
1.25,0.0,9.0,12.0
1.5,0.0,15.0,19.0
1.0,0.0,9.0,17.0
0.75,0.0,16.0,16.0
0.5,0.0,12.0,8.0
1.25,1.0,16.0,4.0
2.25,0.0,8.0,15.0
0.5,0.0,17.0,21.0
0.25,0.5,16.0,9.0
0.75,0.0,10.0,18.0
1.75,0.0,4.0,17.0
0.5,0.5,9.0,16.0
0.5,1.0,17.0,8.0
2.5,0.0,15.0,15.0
1.25,0.0,13.0,17.0
0.25,0.5,6.0,22.0
1.5,0.0,8.0,7.0
0.75,0.0,10.0,11.0
1.5,0.0,20.0,16.0
1.25,0.0,8.0,17.0
0.5,0.0,10.0,16.0
0.0,1.0,21.0,8.0
1.0,0.0,6.0,14.0
0.0,0.0,16.0,12.0
1.75,0.0,6.0,16.0
1.25,0.0,8.0,17.0
0.0,0.3333333333333333,6.0,20.0
1.0,1.3333333333333333,12.0,14.0
0.5,1.3333333333333333,14.0,18.0
0.0,0.6666666666666666,14.0,12.0
0.5,0.3333333333333333,3.0,17.0
2.0,0.6666666666666666,7.0,12.0
0.0,0.6666666666666666,18.0,7.0
0.5,1.3333333333333333,5.0,17.0
0.25,1.0,8.0,14.0
0.0,1.0,17.0,16.9
2.0,0.3333333333333333,11.0,16.0
0.5,0.0,15.0,14.0
0.25,1.0,17.0,9.0
0.75,0.3333333333333333,12.5,8.0
1.5,0.3333333333333333,12.0,17.0
1.0,0.3333333333333333,9.0,14.0
0.25,0.0,5.0,6.0
0.25,0.3333333333333333,15.0,12.0
0.5,0.0,9.0,13.0
1.75,0.0,1.0,14.0
0.75,0.6666666666666666,10.0,7.0
1.0,0.0,7.0,20.0
0.0,0.0,18.0,10.0
0.5,0.3333333333333333,13.0,9.0
0.25,0.0,6.0,20.0
0.75,0.3333333333333333,10.0,12.0
0.25,0.3333333333333333,3.0,15.0
2.0,0.0,7.0,12.0
0.5,2.0,15.0,5.0
0.0,0.6666666666666666,18.0,12.0
0.0,0.6666666666666666,13.0,18.0
2.25,0.3333333333333333,13.0,17.0
2.0,0.0,5.0,12.0
0.5,0.0,3.0,6.0
0.5,2.6666666666666665,16.0,12.0
0.25,0.6666666666666666,7.0,17.0
1.0,1.0,18.0,13.0
0.0,0.3333333333333333,10.0,13.0
0.75,0.6666666666666666,8.0,11.0
1.25,0.3333333333333333,13.0,17.0
0.75,0.0,8.0,19.0
0.75,0.0,11.0,12.0
0.0,0.0,6.0,13.0
0.0,0.0,10.0,16.0
1.0,0.0,7.0,15.0
1.0,0.0,11.0,13.0
0.5,0.3333333333333333,20.0,11.0
0.0,1.6666666666666667,10.0,14.0
1.5,1.0,8.0,10.0
2.0,1.0,0.0,21.0
0.5,0.0,15.0,12.0
0.0,0.0,16.0,11.0
1.25,1.3333333333333333,13.0,15.0
0.0,0.3333333333333333,12.0,1.0
0.5,0.3333333333333333,9.0,14.0
1.0,0.0,2.0,14.0
0.5,0.0,2.0,8.0
1.75,0.3333333333333333,6.0,15.0
0.0,0.3333333333333333,7.0,5.0
1.5,0.6666666666666666,12.0,15.0
0.5,0.3333333333333333,4.0,16.0
1.0,0.3333333333333333,10.0,15.0
1.25,0.5,5.0,20.0
1.5,0.0,8.0,9.0
0.75,0.0,7.0,12.0
0.75,1.5,17.0,15.0
0.0,0.0,17.0,18.0
1.0,0.6666666666666666,12.0,16.0
1.5,0.6666666666666666,15.0,10.0
0.25,0.0,17.0,4.0
0.0,0.3333333333333333,3.0,15.0
0.5,0.0,2.0,4.0
0.75,0.3333333333333333,4.0,18.0
0.25,0.0,8.0,17.0
1.5,0.0,6.0,13.0
0.25,0.6666666666666666,21.0,8.0
0.75,0.0,13.0,19.0
0.0,0.3333333333333333,9.0,11.0
0.25,0.0,17.0,3.0
0.0,1.3333333333333333,13.0,4.0
1.25,0.0,2.0,11.0
1.25,0.0,5.0,15.0
2.0,0.3333333333333333,13.0,13.0
2.5,0.0,12.0,12.0
1.0,0.6666666666666666,2.0,18.0
0.0,0.0,12.0,14.0
1.5,0.0,19.0,16.0
1.25,2.0,14.0,11.0
0.5,0.0,15.0,10.0
0.0,0.0,13.0,10.0
1.5,0.0,8.0,11.0
0.25,0.0,10.0,19.0
0.0,1.0,14.0,13.0
0.5,0.3333333333333333,11.0,2.0
0.0,0.0,10.0,22.0
1.25,0.3333333333333333,13.0,16.0
1.25,0.3333333333333333,16.0,17.0
0.0,1.6666666666666667,16.0,7.0
0.75,0.3333333333333333,21.0,15.0
0.0,0.0,12.0,9.0
0.0,0.0,7.0,7.0
0.0,0.0,5.0,9.0
0.0,0.6666666666666666,8.0,8.0
0.0,1.3333333333333333,10.0,11.0
0.0,0.3333333333333333,10.0,7.0
0.0,0.0,17.0,12.0
0.0,0.0,10.0,15.0
1.5,0.6666666666666666,6.0,19.0
0.25,0.6666666666666666,2.0,7.0
1.5,0.0,7.0,12.0
0.0,0.0,12.0,13.0
0.25,0.3333333333333333,18.1,8.3
0.5,0.0,2.0,17.0
0.0,0.6666666666666666,13.0,16.0
0.25,0.0,4.0,16.0
0.0,0.3333333333333333,13.0,18.0
0.0,0.3333333333333333,13.0,6.0
0.0,0.0,22.0,10.0
1.0,0.0,2.0,7.0
1.0,0.3333333333333333,9.0,8.0
0.0,0.0,17.0,15.0
1.0,0.5,5.0,5.0
2.0,0.5,5.0,17.0
0.75,0.0,7.0,20.0
0.0,0.0,6.0,15.0
0.0,2.0,19.0,4.0
0.75,0.0,7.0,12.0
2.25,0.0,11.0,13.0
0.5,0.0,8.0,17.0
0.0,0.0,9.0,18.0
0.0,0.0,11.0,13.0
0.75,0.0,5.0,18.0
0.0,0.0,6.0,10.0
0.0,0.0,7.0,3.0
1.75,0.0,4.0,15.0
0.25,1.5,7.0,11.0
1.5,0.0,8.0,13.0
0.0,0.5,9.0,6.0
0.0,0.0,15.0,12.0
0.0,0.5,14.0,7.0
0.0,1.0,12.0,15.0
1.5,0.0,9.0,17.0
1.0,0.0,12.0,18.0
1.25,0.0,10.0,13.0
1.5,0.0,14.0,8.0
1.0,0.0,10.0,13.0
0.5,0.0,10.0,14.0
0.25,0.0,9.0,7.0
1.25,0.0,10.0,17.0
1.5,0.0,14.0,8.0
1.0,0.0,14.0,9.0
0.5,0.3333333333333333,4.0,19.0
0.75,1.6666666666666667,19.0,14.5
0.0,0.0,9.0,9.0
0.25,2.3333333333333335,20.0,19.0
1.5,0.0,13.0,13.0
1.25,1.0,7.0,14.0
0.25,0.3333333333333333,11.0,16.0
0.5,0.0,14.0,15.0
0.75,0.0,3.0,19.0
0.0,2.0,15.0,14.0
0.0,0.6666666666666666,21.0,5.0
0.0,1.6666666666666667,21.0,9.0
2.25,0.0,5.0,11.0
0.75,0.0,10.0,12.0
0.0,0.0,20.0,8.0
0.25,0.0,15.0,19.0
0.25,0.6666666666666666,15.0,8.0
1.5,0.6666666666666666,15.0,19.0
0.25,0.3333333333333333,17.0,12.0
2.0,0.0,9.0,15.0
1.0,0.0,17.0,10.0
0.0,3.0,17.0,15.0
0.5,0.0,12.0,16.0
2.5,0.0,16.0,6.0
1.0,0.6666666666666666,12.0,19.0
0.5,0.6666666666666666,19.0,7.0
0.0,0.0,17.0,18.0
1.5,0.0,1.0,15.0
0.25,0.0,10.0,8.0
1.0,0.3333333333333333,3.0,14.0
0.75,0.0,9.0,13.0
0.25,0.0,9.0,10.0
1.75,0.3333333333333333,11.0,19.0
2.25,0.0,16.0,7.0
0.25,0.0,10.0,14.0
0.0,0.0,6.0,10.0
0.5,2.0,19.0,5.0
0.0,0.0,3.0,13.0
0.25,0.0,5.0,21.0
1.5,0.0,8.0,17.0
0.0,0.0,5.0,9.0
1.5,0.3333333333333333,10.0,12.0
0.5,1.0,17.0,13.0
1.0,0.3333333333333333,10.0,10.0
1.0,0.6666666666666666,11.0,13.0
0.25,0.0,22.0,13.0
0.0,0.0,12.0,4.0
0.0,0.0,2.0,12.0
1.5,0.6666666666666666,19.0,15.0
0.5,0.3333333333333333,15.0,14.0
0.75,0.6666666666666666,8.0,13.0
0.0,0.6666666666666666,10.0,19.0
0.5,0.0,16.0,11.0
0.5,0.0,17.0,17.0
0.0,0.0,15.0,7.0
0.25,0.0,10.0,21.0
0.25,0.3333333333333333,9.0,14.0
1.0,0.0,6.0,13.0
0.25,0.0,3.0,10.0
0.5,0.0,9.0,15.0
0.0,0.0,12.0,10.0
0.5,0.0,6.0,15.0
0.5,0.0,15.0,9.0
1.5,2.0,20.0,9.0
0.75,0.6666666666666666,7.0,14.0
0.0,0.6666666666666666,10.0,16.0
1.25,0.0,2.0,16.0
0.25,0.0,11.0,12.0
0.0,0.3333333333333333,14.0,19.0
1.25,0.3333333333333333,6.0,13.0
1.75,0.6666666666666666,11.0,15.0
1.0,0.0,11.0,16.0
0.75,0.3333333333333333,16.0,10.0
1.0,0.0,10.0,14.0
2.0,0.0,3.0,16.0
2.5,0.6666666666666666,4.0,17.0
0.0,0.0,14.0,16.0
1.0,0.3333333333333333,13.0,16.0
0.75,0.0,14.0,17.0
0.0,0.0,11.0,16.0
0.0,0.0,14.0,9.0
0.0,0.0,8.0,16.0
1.25,0.5,6.0,19.0
0.0,0.0,11.0,14.0
0.0,0.0,16.0,9.0
1.25,0.0,9.0,12.0
2.0,0.5,1.0,15.0
1.25,0.0,5.0,18.0
1.25,0.5,16.0,19.0
0.0,0.0,15.0,17.0
1.25,0.0,5.0,17.0
0.25,0.0,7.0,20.0
1.25,0.0,10.0,19.0
1.75,0.0,11.0,12.0
1.25,0.0,13.0,16.0
0.75,0.0,15.0,18.0
0.0,0.0,12.0,14.0
0.0,0.0,11.0,15.0
0.0,0.0,5.0,6.0
1.0,0.0,9.0,12.0
1.5,0.0,1.0,14.0
2.0,1.0,4.0,16.0
0.75,1.0,6.0,18.0
1.25,0.5,9.0,16.0
0.0,0.0,19.0,13.0
0.25,0.0,11.0,11.0
1.25,0.0,7.0,11.0
0.0,0.0,18.0,3.0
2.25,0.0,16.0,13.0
0.75,0.0,5.0,16.0
1.5,0.0,7.0,13.0
0.25,0.0,9.0,7.0
0.75,0.0,14.0,19.0
1.25,0.5,22.0,12.0
0.0,0.0,15.0,14.0
0.0,0.0,7.0,11.0
0.0,1.3333333333333333,21.0,8.0
0.5,0.3333333333333333,11.0,18.0
1.25,0.3333333333333333,7.0,8.0
0.25,0.6666666666666666,7.0,14.0
0.5,0.0,17.0,22.0
1.0,0.3333333333333333,5.0,16.0
0.0,0.0,14.0,19.0
0.5,0.6666666666666666,19.0,12.0
0.0,1.0,7.0,16.0
0.5,0.6666666666666666,6.0,8.0
0.75,0.0,3.0,12.0
0.0,0.0,8.0,10.0
0.0,1.0,14.0,20.0
0.25,0.0,5.0,10.0
0.5,0.0,11.0,16.0
0.75,0.3333333333333333,16.0,19.0
0.0,0.0,11.0,13.0
0.0,0.0,12.0,16.0
1.25,0.0,1.0,16.0
0.5,0.0,14.0,12.0
0.75,0.0,11.0,14.0
2.25,0.0,7.0,18.0
0.25,0.0,6.0,6.0
1.25,0.0,10.0,14.0
2.75,0.0,8.0,19.0
0.0,0.0,15.0,16.0
2.0,0.0,5.0,19.0
0.0,0.0,15.0,13.0
0.75,1.5,10.0,22.0
0.5,0.0,14.0,15.0
1.5,0.0,14.0,11.0
1.25,0.0,11.0,17.0
0.25,0.0,12.0,16.0
0.5,0.0,14.0,17.0
2.5,1.0,12.0,20.0
1.25,0.0,5.0,13.0
0.25,0.5,9.0,10.0
0.5,0.0,10.0,15.0
0.75,0.0,15.0,16.0
0.75,0.0,8.0,9.0
2.25,0.0,4.0,12.0
2.0,0.0,12.0,15.0
0.5,0.3333333333333333,7.0,13.0
1.75,1.3333333333333333,14.0,13.0
1.0,0.0,10.0,11.0
0.5,0.3333333333333333,13.0,14.0
0.0,0.3333333333333333,15.0,11.0
1.0,0.6666666666666666,11.0,19.0
0.0,3.0,18.0,17.0
0.75,1.6666666666666667,21.0,10.0
0.0,0.6666666666666666,12.0,9.0
0.75,0.6666666666666666,2.0,13.0
0.5,0.3333333333333333,9.0,20.0
1.0,0.0,12.0,15.0
0.25,0.6666666666666666,18.0,10.0
1.5,0.0,3.0,22.0
0.0,1.3333333333333333,14.0,16.0
2.0,0.3333333333333333,12.0,18.0
1.6666666666666667,0.0,2.0,12.0
1.5,0.6666666666666666,11.0,13.0
1.0,0.0,1.0,21.0
1.0,0.6666666666666666,4.0,16.0
1.0,0.0,5.0,16.0
0.0,1.3333333333333333,16.0,9.0
0.25,0.0,9.0,13.0
0.75,0.0,21.0,9.0
0.0,0.0,7.0,16.0
0.0,0.5,17.0,16.0
0.25,1.0,4.0,18.0
2.75,0.0,4.0,12.0
2.0,0.0,0.0,11.0
0.75,0.0,14.0,14.0
0.5,0.0,10.0,10.0
1.0,0.0,6.0,14.0
0.0,0.0,12.0,11.0
0.0,0.0,16.0,17.0
1.75,0.0,4.0,9.0
1.75,0.0,12.0,18.0
0.75,1.0,8.0,14.0
0.25,1.3333333333333333,4.0,11.0
1.25,0.3333333333333333,13.0,8.0
0.0,1.3333333333333333,17.0,13.0
2.25,0.3333333333333333,16.0,15.0
1.0,0.6666666666666666,3.0,11.0
2.75,0.0,4.0,12.0
0.0,0.0,5.0,11.0
1.0,0.0,2.0,16.0
1.25,0.0,6.0,18.0
0.0,0.0,9.0,8.0
0.75,0.3333333333333333,4.0,16.0
0.5,0.6666666666666666,9.0,7.0
0.25,0.3333333333333333,9.0,10.0
1.0,0.0,8.0,20.0
0.25,0.0,9.0,14.0
0.25,0.0,2.0,13.0
1.75,0.6666666666666666,6.0,11.0
0.5,0.0,7.0,4.0
0.5,0.0,10.0,12.0
0.0,0.6666666666666666,6.0,10.0
0.0,0.0,4.0,17.0
1.75,1.3333333333333333,12.0,20.0
0.25,2.0,18.0,19.0
1.0,0.0,10.0,10.0
0.5,0.3333333333333333,14.0,17.0
0.75,0.6666666666666666,11.0,17.0
0.25,0.0,15.0,2.0
2.0,0.0,3.0,15.0
2.25,0.6666666666666666,6.0,15.0
1.5,0.3333333333333333,13.0,17.0
0.0,0.3333333333333333,7.0,16.0
0.0,0.3333333333333333,16.0,10.0
0.0,0.6666666666666666,22.0,10.0
0.25,0.0,6.0,8.0
0.75,0.0,3.0,12.0
0.25,0.3333333333333333,11.0,20.0
0.75,0.0,14.0,12.0
2.0,0.3333333333333333,15.0,17.0
0.0,0.6666666666666666,12.0,15.0
1.0,0.6666666666666666,12.0,14.0
0.5,1.3333333333333333,17.0,18.0
0.0,0.6666666666666666,10.0,12.0
0.75,0.6666666666666666,10.0,12.0
0.0,0.3333333333333333,13.0,11.0
0.0,0.0,10.0,11.0
2.5,0.3333333333333333,1.0,20.0
1.75,0.0,5.0,12.0
1.0,0.0,0.0,19.0
0.5,0.0,15.0,1.0
0.0,0.3333333333333333,12.0,10.0
0.0,0.0,6.0,11.0
0.0,0.0,13.0,13.0
0.0,0.6666666666666666,22.0,2.0
0.0,0.0,8.0,18.0
2.75,0.0,11.0,20.0
0.5,1.0,6.0,17.0
0.75,0.3333333333333333,4.0,10.0
0.0,0.0,5.0,2.0
0.25,0.3333333333333333,11.0,16.0
0.5,0.0,4.0,17.0
1.25,1.0,16.0,15.0
0.0,0.6666666666666666,20.0,13.0
0.5,1.6666666666666667,8.0,16.0
1.0,0.6666666666666666,12.0,19.0
0.75,0.3333333333333333,13.0,8.0
0.0,0.0,13.0,16.0
0.0,1.0,10.0,14.0
0.0,0.0,7.0,10.0
2.5,1.3333333333333333,11.0,17.0
0.75,0.0,12.0,21.0
1.5,0.0,5.0,19.0
0.25,0.0,1.0,4.0
0.0,0.6666666666666666,21.0,5.0
0.0,0.0,3.0,15.0
0.75,0.0,7.0,14.0
1.5,0.3333333333333333,5.0,10.0
0.25,0.0,11.0,13.0
0.25,0.0,6.0,18.0
1.75,0.3333333333333333,10.0,12.0
1.25,0.3333333333333333,14.0,18.0
1.25,0.6666666666666666,15.0,13.0
0.75,0.0,6.0,10.0
2.0,0.3333333333333333,6.0,15.0
3.0,0.0,10.0,15.0
1.25,0.0,11.0,14.2
1.5,1.0,14.0,10.0
1.0,0.0,17.0,14.0
1.0,0.3333333333333333,8.0,14.0
0.0,0.0,11.0,3.0
1.0,1.0,8.0,15.0
0.25,1.0,8.0,13.0
1.5,0.6666666666666666,3.0,17.0
0.5,0.0,14.0,18.0
0.0,0.3333333333333333,7.0,11.0
0.0,0.0,16.0,18.0
0.0,0.0,13.0,9.0
0.25,0.0,5.0,15.0
0.5,0.6666666666666666,15.0,14.0
0.5,1.3333333333333333,18.0,15.0
0.0,0.3333333333333333,14.0,17.0
1.75,2.0,21.0,9.0
0.25,0.0,11.0,19.0
0.75,0.0,19.0,9.0
0.75,0.0,16.0,8.0
1.0,0.0,9.0,10.0
1.25,1.0,6.0,20.0
0.0,0.0,10.0,11.0
0.25,0.3333333333333333,8.0,18.0
0.0,0.0,15.0,13.0
0.0,1.0,14.0,20.0
1.25,0.0,2.0,11.0
1.0,0.0,7.0,7.0
1.0,0.0,13.0,16.0
1.75,0.0,6.0,20.0
1.25,0.0,11.0,15.0
0.75,0.0,13.0,13.0
0.0,0.0,12.0,11.0
1.5,0.0,2.0,13.0
2.25,0.0,4.0,11.0
3.0,0.0,13.0,14.0
1.25,0.5,17.0,11.0
0.5,0.0,8.0,19.0
0.75,1.5,8.0,15.0
1.0,0.0,13.0,12.0
0.75,0.0,8.0,13.0
0.75,1.0,16.0,9.0
1.5,1.0,16.0,16.0
0.25,0.3333333333333333,12.0,15.0
0.5,0.0,7.0,8.0
0.0,0.0,13.0,10.0
2.0,0.0,17.0,17.0
0.0,0.0,16.0,7.0
0.25,0.0,14.0,14.0
1.25,0.0,9.0,14.0
0.0,0.0,20.0,2.0
0.25,0.0,15.0,15.0
0.0,0.0,16.0,15.0
1.25,1.0,18.0,2.0
0.25,0.3333333333333333,9.0,6.0
0.75,0.0,5.0,14.0
0.0,0.0,3.0,6.0
0.0,0.3333333333333333,18.0,7.0
0.75,0.0,8.0,13.0
1.5,0.0,1.0,14.0
0.5,0.0,8.0,17.0
0.0,0.0,16.0,21.0
0.0,0.0,13.0,16.0
1.0,0.0,17.0,16.0
0.0,0.0,12.0,9.0
0.0,0.0,11.0,14.0
1.0,0.0,7.0,14.0
0.5,0.0,9.0,12.0
0.0,0.0,14.0,6.0
0.0,0.0,8.0,13.0
0.75,0.5,4.0,12.0
0.0,0.0,11.0,17.0
0.0,1.0,8.0,12.0
2.25,0.5,14.0,16.0
1.75,0.0,7.0,16.0
0.5,0.5,7.0,15.0
1.0,0.5,6.0,13.0
0.75,0.0,14.0,18.0
0.5,0.0,2.0,16.0
0.25,0.0,10.0,11.0
0.5,0.0,15.0,18.0
1.25,1.5,16.0,21.0
0.25,0.0,7.0,14.0
0.75,0.0,10.0,19.0
0.0,0.0,10.0,19.0
1.0,0.0,13.0,11.0
0.0,1.0,15.0,14.0
1.0,0.0,4.0,11.0
0.25,0.0,6.0,4.0
0.25,0.5,10.0,10.0
0.0,0.0,5.0,16.0
0.0,0.0,4.0,16.0
0.5,0.0,9.0,13.0
0.0,0.0,8.0,15.0
0.0,0.0,5.0,13.0
0.25,0.0,16.0,17.0
0.5,0.0,11.0,20.0
0.0,0.0,8.0,9.0
0.0,0.0,7.0,18.0
0.75,1.0,10.0,10.0
0.0,0.0,15.0,14.0
0.25,1.0,21.0,7.0
1.75,0.5,7.0,9.0
0.0,0.0,12.0,15.0
0.25,0.0,10.0,19.0
1.5,0.0,8.0,13.0
1.0,0.3333333333333333,14.0,12.0
1.25,0.6666666666666666,19.0,12.0
1.25,0.0,11.0,18.0
0.5,0.0,11.0,15.0
0.25,0.0,11.0,6.0
0.75,0.0,4.0,20.0
1.25,0.3333333333333333,3.0,13.0
0.0,0.0,18.0,13.0
0.0,0.0,15.0,10.0
0.0,0.0,7.0,20.0
0.75,0.0,9.0,11.0
1.25,0.0,3.0,19.0
0.25,0.3333333333333333,12.1,11.9
0.75,0.6666666666666666,7.0,16.0
0.25,0.0,11.0,14.0
0.0,0.6666666666666666,8.0,7.0
0.0,1.6666666666666667,14.0,14.0
0.0,0.0,20.0,2.0
0.75,0.6666666666666666,11.0,18.0
1.25,0.0,5.0,16.0
1.75,0.0,2.0,12.0
1.25,0.0,1.0,14.0
0.0,0.0,10.0,11.0
1.25,2.0,19.0,19.0
0.5,0.3333333333333333,12.0,21.0
0.0,0.0,4.0,20.0
0.25,0.0,6.0,19.0
0.5,0.6666666666666666,10.0,13.0
0.0,0.0,20.0,13.0
1.75,0.6666666666666666,10.0,13.0
0.75,0.0,12.0,17.0
0.0,0.0,7.0,10.0
0.0,0.0,15.0,15.0
1.5,0.0,11.0,18.0
1.75,0.0,11.0,18.0
1.25,0.3333333333333333,9.0,23.0
0.0,0.3333333333333333,16.0,10.0
1.5,0.0,9.0,20.0
0.0,0.3333333333333333,21.0,16.0
0.5,0.6666666666666666,17.0,20.0
2.0,0.0,2.0,7.0
0.5,0.3333333333333333,16.0,12.0
0.25,0.0,0.0,11.0
0.25,0.0,12.0,16.0
1.25,0.6666666666666666,13.0,10.0
0.0,0.6666666666666666,15.0,11.0
0.0,0.3333333333333333,14.0,18.0
0.0,0.0,18.0,4.0
1.0,0.0,5.0,15.0
1.0,0.0,12.0,20.0
1.25,0.5,8.0,15.0
0.0,2.0,15.0,14.0
1.0,0.0,4.0,18.0
0.75,0.0,17.0,13.0
0.0,1.5,20.0,17.0
0.25,0.0,5.0,9.0
0.75,0.0,4.0,16.0
0.0,0.0,6.0,13.0
0.0,0.0,12.0,11.0
1.5,1.0,20.0,9.0
0.0,0.0,17.0,13.0
0.0,0.5,5.0,12.0
0.0,0.0,2.0,15.0
1.5,0.0,20.0,17.0
0.5,0.0,5.0,15.0
0.0,0.0,8.0,14.0
1.0,0.0,8.0,15.0
0.25,1.5,15.0,14.0
0.25,0.0,13.0,15.0
1.0,0.0,5.0,12.0
0.0,0.0,11.0,11.0
0.0,0.0,18.0,9.0
0.25,0.3333333333333333,5.0,10.0
0.25,0.0,5.0,16.0
0.0,0.0,20.0,13.0
0.0,1.3333333333333333,6.0,15.0
0.0,0.0,15.0,15.0
0.0,0.0,11.0,18.0
0.0,0.6666666666666666,16.0,10.0
0.5,0.3333333333333333,21.0,16.0
0.0,0.6666666666666666,7.0,17.0
0.0,0.0,17.0,20.0
1.0,0.0,7.0,16.0
2.0,0.0,2.0,7.0
1.25,0.6666666666666666,16.0,12.0
0.0,0.0,12.0,16.0
0.25,0.0,12.0,10.0
0.0,1.0,9.0,12.0
0.0,0.0,12.0,19.0
2.5,0.0,14.0,9.0
0.0,0.5,22.0,19.0
0.75,0.0,2.0,15.0
0.0,0.5,10.0,15.0
0.0,0.0,17.0,16.0
0.0,0.0,12.0,9.0
0.5,0.0,12.0,19.0
0.25,0.0,16.0,16.0
2.0,0.5,6.0,15.0
0.0,0.0,5.0,10.0
1.0,0.0,16.0,14.0
0.0,0.0,11.0,15.0
0.25,0.0,11.0,11.0
0.25,0.0,12.0,20.0
0.0,0.0,11.0,10.0
1.5,0.0,9.0,11.0
1.0,0.0,8.0,16.0
1.0,0.0,12.0,10.0
0.75,0.5,9.0,17.0
0.25,0.0,4.0,8.0
0.0,0.0,12.0,16.0
0.0,0.5,15.0,14.0
0.0,0.0,11.0,16.0
0.5,0.0,7.0,17.0
1.0,0.0,7.0,13.0
0.75,0.5,12.0,13.0
1.25,0.0,8.0,16.0
1.5,0.0,5.0,9.0
0.0,0.0,8.0,16.0
0.0,0.0,2.0,17.0
0.0,0.0,7.0,18.0
0.0,1.0,7.0,13.0
0.25,0.0,4.0,11.0
0.0,0.5,12.0,18.0
0.25,0.0,10.0,15.0
0.0,0.5,14.0,15.0
0.5,0.0,15.0,11.0
1.0,0.0,15.0,16.0
0.0,0.0,8.0,16.0
0.5,0.0,10.0,14.0
0.0,0.5,11.0,9.0
1.0,0.0,15.0,15.0
0.25,0.0,8.0,6.0
0.75,0.0,11.0,11.0
0.0,0.0,15.0,6.0
0.0,0.0,6.0,12.0
0.75,0.0,13.0,18.0
0.25,0.0,15.0,16.0
0.0,0.0,14.0,12.0
0.75,0.0,13.0,14.0
0.75,0.0,9.0,11.0
1.0,0.0,13.0,13.0
1.0,0.0,4.0,16.0
1.0,0.0,9.0,6.0
0.25,0.0,10.0,13.0
0.0,0.0,11.0,18.0
0.0,0.0,14.0,15.0
0.25,0.0,8.0,16.0
0.25,0.0,7.0,18.0
1.5,0.0,0.0,13.0
0.25,0.0,3.0,14.0
0.25,0.0,16.0,10.0
0.0,0.0,3.0,13.0
0.0,0.0,9.0,17.0
0.0,0.5,16.0,6.0
0.0,0.0,14.0,12.0
1.25,0.0,13.0,12.0
0.5,0.5,6.0,12.0
0.25,0.0,8.0,14.0
0.0,0.0,3.0,15.0
0.0,0.0,6.0,11.0
1.5,1.0,17.0,16.0
1.0,0.0,6.0,14.0
1.25,0.0,15.0,16.0
0.75,0.3333333333333333,14.0,13.0
1.5,1.3333333333333333,18.0,18.0
0.75,0.3333333333333333,22.0,14.0
0.0,0.0,9.0,15.0
0.75,0.0,17.0,14.0
0.25,1.3333333333333333,12.0,11.0
0.25,0.0,9.0,10.0
0.25,0.0,8.0,16.0
1.5,1.0,6.0,18.0
0.75,0.0,6.0,21.0
0.25,0.0,9.0,16.0
1.25,0.0,5.0,7.0
0.0,1.0,12.0,18.0
0.5,0.3333333333333333,8.0,7.0
0.0,0.3333333333333333,11.0,19.0
0.0,0.0,17.0,16.0
0.25,1.3333333333333333,13.0,8.0
1.5,1.0,20.0,9.0
0.25,0.0,10.0,12.0
0.75,1.3333333333333333,18.0,19.0
0.25,0.3333333333333333,12.0,8.0
0.25,0.6666666666666666,11.0,12.0
0.0,0.3333333333333333,7.0,9.0
0.5,0.0,14.0,7.0
0.0,0.0,12.0,18.0
0.0,0.6666666666666666,7.0,11.0
0.0,0.6666666666666666,9.0,18.0
0.0,1.0,7.8,19.0
2.0,0.0,8.0,16.0
1.0,0.0,10.0,17.0
1.75,0.0,5.0,15.0
0.75,0.0,10.0,11.0
0.0,0.6666666666666666,19.0,3.0
0.0,0.0,16.0,9.0
0.5,0.3333333333333333,6.0,9.0
0.0,2.3333333333333335,17.0,7.0
2.25,0.0,17.0,21.0
0.0,0.0,15.0,16.0
0.0,0.3333333333333333,11.0,12.0
0.5,0.0,14.0,12.0
1.0,0.0,3.0,17.0
0.5,0.6666666666666666,13.0,11.0
1.0,0.3333333333333333,21.0,10.0
1.25,0.0,12.0,15.0
0.25,0.3333333333333333,9.0,8.0
0.5,0.6666666666666666,11.0,8.0
0.5,0.0,6.0,5.0
1.0,0.3333333333333333,9.0,7.0
0.5,0.0,10.0,21.0
0.0,0.6666666666666666,16.0,18.0
1.25,0.0,5.0,17.0
1.25,1.0,18.0,15.0
1.75,0.0,4.0,10.0
2.25,1.0,16.0,15.0
0.5,0.0,11.0,16.0
1.5,0.3333333333333333,2.0,16.0
0.25,0.0,11.0,13.0
0.0,0.0,13.0,16.0
0.25,0.0,15.0,13.0
0.25,1.3333333333333333,15.0,6.0
0.0,1.0,14.0,19.0
0.0,0.3333333333333333,9.0,12.0
0.5,0.0,8.0,15.0
1.25,0.0,12.0,13.0
0.0,0.0,13.0,6.0
0.25,0.0,7.0,15.0
0.75,0.0,11.0,10.0
1.0,0.3333333333333333,10.0,16.0
0.0,0.0,11.0,16.0
0.0,0.3333333333333333,8.0,14.0
0.25,0.0,12.0,16.0
1.75,0.0,4.0,19.0
NaN,NaN,5.0,14.0
0.75,0.3333333333333333,13.0,8.0
0.0,1.5,10.0,21.0
1.75,0.0,3.0,18.0
0.25,0.0,6.0,11.0
0.5,0.0,4.0,17.0
1.5,0.5,13.0,8.0
0.5,0.0,3.0,14.0
1.25,0.0,4.0,10.0
2.0,0.0,7.0,11.0
0.0,2.5,14.0,6.0
1.0,0.0,9.0,6.0
0.0,0.5,14.0,10.0
1.5,0.0,0.0,13.0
0.0,0.0,2.0,16.0
1.5,0.0,12.0,16.0
0.0,0.0,16.0,14.0
1.25,0.0,11.0,16.0
1.0,0.0,8.0,16.0
0.0,0.0,14.0,7.0
1.25,0.0,6.0,12.0
0.75,0.0,13.0,12.0
0.0,2.0,21.0,16.0
0.0,0.0,10.0,11.0
0.75,1.0,8.0,18.0
1.75,0.0,16.0,5.0
0.25,0.0,4.0,13.0
0.0,0.0,12.0,14.0
1.5,1.0,15.0,13.0
0.5,0.0,11.0,7.0
0.0,0.0,9.0,12.0
1.25,0.5,3.0,18.0
0.0,0.0,12.0,18.0
0.75,0.0,15.0,22.0
1.0,0.0,12.0,11.0
1.0,0.0,1.0,15.0
0.5,0.0,11.0,14.0
0.0,1.5,14.0,19.0
1.75,0.0,8.0,15.0
1.0,0.0,7.0,13.0
0.5,0.0,10.0,10.0
1.0,0.5,22.0,12.0
0.25,0.5,7.0,19.0
0.75,0.0,17.0,13.0
0.75,0.0,12.0,17.0
1.25,0.5,10.0,3.0
0.75,0.5,13.0,13.0
1.75,0.0,3.0,16.0
1.5,0.0,3.0,12.0
0.0,0.0,7.0,11.0
0.25,0.0,1.0,7.0
2.0,0.0,11.0,15.0
0.0,0.0,15.0,18.0
2.0,0.0,0.0,13.0
0.0,0.0,16.0,17.0
1.0,0.0,6.0,19.0
1.25,0.0,4.0,14.0
1.0,0.0,12.0,14.0
0.75,0.0,13.0,16.0
0.25,0.0,15.0,18.0
0.75,0.0,8.0,17.0
0.0,0.0,3.0,15.0
1.5,0.6666666666666666,11.0,11.0
0.75,0.6666666666666666,10.0,19.0
0.0,0.0,4.0,16.0
0.0,2.3333333333333335,15.0,14.0
1.25,0.3333333333333333,6.0,7.0
1.75,0.0,15.0,16.0
1.25,0.0,8.0,20.0
1.75,1.3333333333333333,11.0,16.0
1.75,0.6666666666666666,15.0,12.0
1.0,0.0,5.0,12.0
0.25,0.3333333333333333,6.0,13.0
1.5,1.0,15.0,22.0
1.5,1.0,13.0,14.0
1.5,1.0,18.0,10.0
1.5,0.0,11.0,17.0
0.0,0.0,14.0,15.0
0.25,0.0,3.0,14.0
0.75,0.3333333333333333,1.0,12.0
0.5,0.0,3.0,16.0
0.25,0.0,6.0,15.0
0.0,0.0,14.0,6.0
0.5,0.0,8.0,11.0
0.0,0.0,15.0,13.0
1.0,0.3333333333333333,11.0,15.0
0.5,0.0,16.0,7.0
2.5,0.0,3.0,15.0
0.75,0.3333333333333333,12.0,13.0
1.75,0.3333333333333333,12.0,18.0
0.75,0.0,7.0,21.0
0.5,0.0,8.0,17.0
0.25,1.0,14.0,13.0
0.25,0.0,7.0,18.0
1.25,1.5,15.0,15.0
0.0,0.0,17.0,14.0
0.5,0.0,22.0,11.0
0.25,1.6666666666666667,21.0,9.0
0.0,0.0,17.0,8.0
0.5,0.6666666666666666,12.0,15.0
0.0,0.6666666666666666,10.0,13.0
1.25,0.0,13.0,11.0
0.0,0.0,15.0,13.0
0.0,0.0,7.0,18.0
0.0,0.6666666666666666,16.0,6.0
1.0,0.3333333333333333,8.0,16.0
2.0,0.0,10.0,13.0
1.5,0.0,12.0,17.0
1.25,0.6666666666666666,6.0,18.0
1.75,0.0,6.0,10.0
0.75,0.6666666666666666,6.0,13.0
1.5,0.0,15.0,11.0
0.0,0.6666666666666666,14.0,18.0
1.5,0.0,15.0,12.0
0.0,0.3333333333333333,3.0,17.0
0.25,0.0,15.0,12.0
0.25,0.0,15.0,19.0
0.0,0.0,17.0,11.0
0.75,0.0,4.0,11.0
0.0,0.0,10.0,11.0
0.25,0.0,11.0,15.0
0.0,0.0,15.0,21.0
0.0,0.0,7.0,8.0
1.5,0.0,2.0,12.0
0.5,0.0,8.0,8.0
0.0,0.0,4.0,8.0
1.25,0.0,10.0,16.0
0.5,1.0,12.0,16.0
1.0,0.0,15.0,8.0
1.75,0.0,6.0,11.0
0.5,0.0,13.0,12.0
0.0,0.0,6.0,14.0
0.75,0.0,18.0,12.0
0.5,0.0,7.0,16.0
0.5,0.0,8.0,13.0
1.0,0.0,16.0,17.0
1.5,0.0,9.0,15.0
0.0,0.0,8.0,6.0
0.75,0.0,12.0,17.0
1.0,0.0,8.0,13.0
1.5,0.0,3.0,7.0
0.75,0.0,6.0,11.0
0.25,0.0,14.0,8.0
1.0,0.0,7.0,14.0
2.0,0.0,7.0,21.0
0.0,0.0,8.0,15.0
0.0,0.0,6.0,13.0
0.25,0.0,11.0,9.0
0.0,0.0,5.0,13.0
0.25,0.5,18.0,11.0
0.0,1.5,10.0,19.0
2.0,0.0,11.0,21.0
1.0,0.0,10.0,12.0
1.0,0.0,4.0,15.0
0.0,0.0,7.0,13.0
1.0,0.0,14.0,17.0
0.0,0.0,13.0,7.0
0.25,0.0,8.0,20.0
0.0,0.0,12.0,15.0
1.0,0.0,5.0,15.0
1.5,0.0,15.0,21.0
0.0,0.0,9.0,23.0
0.25,0.0,20.0,18.0
0.5,0.0,6.0,21.0
0.5,0.5,13.0,18.0
0.0,0.5,15.0,15.0
1.25,0.0,7.0,18.0
0.25,0.0,2.0,8.0
3.0,0.0,19.0,18.0
0.0,0.0,18.0,10.0
0.25,0.0,15.0,19.0
0.75,0.0,14.0,15.0
1.75,0.0,12.0,12.0
0.75,0.0,9.0,13.0
0.75,0.0,15.0,9.0
0.0,0.0,14.0,12.0
1.0,0.5,13.0,19.0
0.25,0.0,3.0,6.0
1.0,0.0,9.0,10.0
0.0,0.0,9.0,12.0
2.75,0.0,12.0,20.0
2.5,0.0,18.0,11.0
0.0,0.5,22.0,7.0
1.25,0.0,15.0,14.0
0.25,0.0,13.0,16.0
1.5,0.0,14.0,10.0
0.25,0.0,5.0,6.0
0.75,0.0,12.0,15.0
0.5,0.0,15.0,18.0
1.5,0.0,9.0,14.0
0.75,0.0,7.0,12.0
0.0,0.0,12.0,9.0
0.5,0.0,8.0,15.0
0.0,0.0,6.0,17.0
0.0,0.0,21.0,4.0
0.25,0.0,16.0,16.0
1.0,0.0,5.0,1.0
1.25,0.0,14.0,17.0
1.5,0.0,2.0,12.0
1.25,0.0,14.0,16.0
0.25,0.0,5.0,13.0
1.25,0.5,4.0,17.0
0.75,0.0,12.0,21.0
1.0,1.0,7.0,20.0
0.5,0.0,14.0,9.0
0.25,0.0,7.0,15.0
1.0,0.5,19.0,18.0
1.75,0.0,8.0,19.0
0.0,0.0,14.0,11.0
2.0,0.0,16.0,12.0
0.75,0.0,3.0,19.0
0.5,1.5,12.0,10.0
1.5,0.0,14.0,9.0
0.0,1.0,11.0,6.0
1.25,0.0,3.0,16.0
0.0,0.0,13.0,12.0
1.0,0.0,14.0,21.0
2.5,0.0,5.0,16.0
1.5,0.0,8.0,18.0
1.0,0.5,8.0,9.0
1.0,0.0,7.0,15.0
0.75,0.0,10.0,16.0
2.0,0.0,5.0,13.0
0.5,0.0,9.0,13.0
0.0,0.0,6.0,4.0
0.25,0.0,14.0,20.0
2.0,0.0,14.0,15.0
0.0,0.0,8.0,13.0
1.0,0.0,14.0,10.0
1.0,0.0,11.0,10.0
1.0,0.0,12.0,10.0
1.0,0.0,14.0,9.0
0.0,0.0,11.0,6.0
0.5,0.0,12.0,13.0
1.25,0.0,9.0,13.0
0.75,0.0,14.0,21.0
1.75,0.0,8.0,18.0
0.5,0.0,15.0,13.0
0.0,0.0,18.0,13.0
0.0,0.0,9.0,18.0
0.5,0.0,10.0,16.0
2.25,0.5,5.0,13.0
1.0,0.0,10.0,20.0
0.25,0.0,14.0,20.0
0.75,0.0,14.0,15.0
0.5,0.0,11.0,9.0
1.25,0.0,2.0,14.0
0.75,0.0,11.0,19.0
1.25,0.5,16.0,12.0
1.0,0.0,8.0,19.0
0.75,0.0,5.0,17.0
2.25,0.0,13.0,12.0
0.25,0.0,17.0,18.0
1.25,0.0,9.0,17.0
0.0,0.0,13.0,14.0
0.0,0.5,17.0,13.0
0.5,0.0,15.0,12.0
0.25,0.0,5.0,13.0
0.75,0.0,1.0,14.0
0.5,0.0,4.0,13.0
2.5,0.0,10.0,14.0
0.25,0.0,6.0,13.0
0.25,0.0,12.0,16.0
0.25,0.0,2.0,17.0
1.75,0.0,11.0,7.0
0.25,0.0,11.0,9.0
0.0,0.0,14.0,12.0
0.25,0.0,9.0,12.0
0.0,1.0,10.0,11.0
0.75,0.0,12.0,12.0
2.0,0.0,15.0,15.0
0.25,0.0,7.0,15.0
1.25,0.0,4.0,13.0
0.0,0.0,15.0,22.0
2.25,0.0,5.0,17.0
1.25,0.0,15.0,20.0
0.5,0.0,12.0,7.0
0.75,0.0,15.0,16.0
2.0,0.0,8.0,16.0
0.25,0.0,10.0,5.0
0.0,0.0,12.0,20.0
0.25,0.0,9.0,11.0
0.0,0.5,16.0,15.0
1.25,0.0,13.0,13.0
1.5,1.0,10.0,16.0
1.0,0.0,11.0,14.0
2.5,0.0,15.0,18.0
2.5,0.0,8.0,15.0
1.0,0.0,4.0,16.0
0.5,0.0,3.0,18.0
2.25,0.0,12.0,18.0
0.5,0.0,10.0,10.0
0.0,1.0,9.0,16.0
0.5,0.0,13.0,11.0
0.25,0.0,13.0,13.0
2.5,0.0,6.0,9.0
0.25,0.0,6.0,21.0
0.5,0.0,8.0,16.0
1.5,0.0,8.0,15.0
0.5,0.0,18.0,16.0
1.5,0.5,3.0,12.0
0.25,0.0,7.0,15.0
0.25,0.0,14.0,14.0
0.6666666666666666,0.0,6.0,10.0
0.25,0.0,19.0,12.0
0.75,1.0,10.0,7.0
0.0,0.0,7.0,14.0
0.5,0.0,7.0,14.0
1.0,0.0,15.0,18.0
2.5,0.0,3.0,18.0
1.25,0.0,11.0,15.0
0.25,0.5,12.0,8.0
0.0,0.0,17.0,10.0
0.0,0.5,6.0,15.0
1.25,0.0,13.0,18.0
1.25,0.0,3.0,19.0
0.75,0.0,6.0,18.0
0.25,0.0,11.0,17.0
0.0,0.0,11.0,21.0
0.75,0.0,4.0,14.0
0.0,0.0,13.0,15.0
1.0,0.0,3.0,9.0
0.25,0.0,6.0,10.0
0.0,0.0,17.0,7.0
0.25,0.0,12.0,14.0
0.75,0.0,4.0,11.0
2.5,0.0,12.0,13.0
1.25,0.5,8.0,17.0
1.5,0.0,4.0,11.0
1.0,0.0,10.0,15.0
0.5,0.0,4.0,15.0
1.25,0.0,11.0,19.0
0.75,0.0,7.0,13.0
1.0,0.0,7.0,14.0
1.25,0.0,5.0,17.0
2.0,0.0,17.0,18.0
0.0,0.0,5.0,14.0
2.0,0.0,9.0,17.0
1.25,0.0,14.0,14.0
0.0,0.0,13.0,14.0
2.0,0.5,13.0,10.0
0.5,0.0,7.0,20.0
2.25,0.0,17.0,13.0
0.75,0.0,0.0,11.0
2.0,0.0,15.0,12.0
0.25,1.5,5.0,18.0
0.25,0.0,7.0,20.0
0.75,0.0,13.0,8.0
0.5,0.0,11.0,15.0
0.0,0.0,9.0,12.0
1.75,1.0,4.0,16.0
0.0,0.0,15.0,14.0
0.0,0.0,2.0,17.0
0.5,0.0,12.0,15.0
2.25,0.0,7.0,15.0
0.0,0.0,14.0,12.0
0.75,0.0,10.0,11.0
1.75,1.5,15.0,21.0
0.75,0.0,7.0,21.0
1.25,0.0,17.0,9.0
0.25,0.0,19.0,14.0
0.0,0.0,4.0,12.0
0.5,0.0,13.0,11.0
0.5,0.0,11.0,14.0
0.75,1.0,12.0,9.0
2.25,0.0,16.0,13.0
1.0,0.0,10.0,18.0
0.5,0.0,13.0,19.0
0.0,0.0,10.0,5.0
2.0,0.0,12.0,20.0
0.0,0.0,16.0,15.0
1.5,1.0,10.0,16.0
0.0,0.0,9.0,7.0
1.0,0.5,8.0,19.0
1.0,0.5,5.0,19.0
1.0,0.0,2.0,19.0
0.25,0.0,16.0,12.0
0.0,0.0,7.0,18.0
2.0,0.0,6.0,8.0
0.0,0.0,15.0,14.0
0.5,0.0,7.0,11.0
1.0,0.0,12.0,17.0
1.25,0.0,8.0,16.0
0.0,0.0,16.0,15.0
2.0,0.0,8.0,15.0
1.0,0.0,14.0,14.0
1.25,0.0,8.0,18.0
0.0,0.0,6.0,10.0
0.75,0.5,22.0,11.0
1.0,0.0,19.0,14.0
0.0,0.5,10.0,7.0
0.25,0.0,14.0,6.0
1.0,0.0,3.0,16.0
0.75,0.0,8.0,19.0
0.0,0.0,8.0,15.0
0.75,0.0,12.0,14.0
1.5,0.0,7.0,14.0
0.5,0.0,15.0,9.0
0.25,0.0,13.0,6.0
2.0,0.0,12.0,8.0
1.0,0.0,12.0,16.0
0.0,0.0,8.0,16.0
0.0,0.5,23.0,8.0
0.5,0.0,13.0,18.0
0.0,0.0,17.0,16.0
1.5,0.0,6.0,18.0
0.25,0.0,15.0,16.0
1.25,0.0,14.0,9.0
0.0,0.0,4.0,14.0
1.0,0.0,7.0,11.0
1.0,0.0,8.0,16.0
0.25,0.0,10.0,16.0
0.75,0.0,6.0,10.0
1.5,0.0,5.0,10.0
1.0,0.0,10.0,15.0
1.75,0.0,10.0,19.0
0.0,0.5,12.0,13.0
1.5,0.0,7.0,12.0
0.0,0.0,12.0,12.0
0.5,0.0,6.0,18.0
1.0,0.0,19.0,13.0
1.75,0.0,10.0,13.0
0.75,0.5,11.0,18.0
0.5,0.0,6.0,12.0
0.0,0.0,19.0,9.0
2.75,0.0,7.0,12.0
1.25,0.0,9.0,15.0
0.0,2.0,14.0,5.0
2.6666666666666665,0.0,15.0,11.0
0.25,0.0,8.0,11.0
0.75,0.0,7.0,20.0
0.0,0.0,18.0,7.0
1.0,0.0,1.0,12.0
0.5,0.0,4.0,17.0
0.75,0.0,4.0,14.0
0.75,0.0,4.0,14.0
0.75,0.0,5.0,9.0
1.25,0.0,15.0,7.0
0.0,1.5,14.0,13.0
0.0,0.5,17.0,14.0
0.0,0.0,9.0,18.0
0.0,0.0,17.0,20.0
2.0,0.0,5.0,16.0
1.75,0.5,7.0,15.0
0.0,0.0,10.0,18.0
1.25,0.0,5.0,15.0
0.75,1.0,13.0,17.0
1.5,0.0,18.0,18.0
0.5,0.0,7.0,14.0
0.0,0.0,9.0,11.0
1.25,0.0,14.0,16.0
2.5,0.0,14.0,18.0
0.75,0.0,21.0,12.0
0.25,0.0,15.0,7.0
0.25,0.0,3.0,8.0
1.0,1.5,21.0,10.0
1.0,0.0,10.0,13.0
2.25,0.0,3.0,18.0
0.0,0.0,9.0,11.0
1.75,0.0,13.0,19.0
0.5,1.0,10.0,5.0
0.5,0.0,14.0,8.0
1.25,0.3333333333333333,10.0,19.0
0.5,0.0,6.0,15.0
1.5,0.3333333333333333,6.0,5.0
2.0,0.3333333333333333,8.0,14.0
0.5,0.6666666666666666,9.0,5.0
0.75,0.0,9.0,11.0
0.0,0.0,6.0,13.0
0.5,0.5,17.0,17.0
2.0,0.0,2.0,17.0
0.75,0.3333333333333333,5.0,7.0
1.25,0.6666666666666666,6.0,9.0
3.0,0.0,3.0,14.0
0.25,1.6666666666666667,18.0,15.0
0.75,0.3333333333333333,15.0,12.0
0.5,0.3333333333333333,2.0,15.0
1.25,0.3333333333333333,13.0,8.0
0.0,0.3333333333333333,20.0,10.0
0.75,0.3333333333333333,15.0,14.0
1.75,0.0,3.0,14.0
0.75,0.0,12.0,13.0
0.25,0.6666666666666666,12.0,8.0
3.0,0.0,3.0,15.0
1.0,0.0,7.0,11.0
2.5,0.0,18.0,16.0
0.25,0.0,22.0,17.0
1.0,0.0,9.0,15.0
2.0,1.0,14.0,17.0
1.0,0.3333333333333333,14.0,15.0
0.0,0.0,9.0,15.0
0.5,0.0,9.0,11.0
0.75,0.0,6.0,13.0
0.25,0.0,2.0,13.0
0.0,0.0,11.0,11.0
1.25,0.0,10.0,11.0
0.0,1.3333333333333333,20.0,15.0
0.25,0.0,4.0,10.0
0.0,0.6666666666666666,5.0,10.0
0.0,1.3333333333333333,14.0,14.0
0.0,0.0,7.0,4.0
1.0,0.3333333333333333,11.0,15.0
1.5,0.0,3.0,15.0
1.25,0.0,6.0,13.0
1.5,0.6666666666666666,11.0,12.0
0.75,0.0,14.0,17.0
0.5,0.6666666666666666,11.0,17.0
2.0,1.0,11.0,19.0
2.0,0.6666666666666666,13.0,16.0
1.0,1.0,13.0,11.0
0.5,2.0,16.0,10.0
0.75,0.6666666666666666,15.0,10.0
0.25,0.6666666666666666,9.0,15.0
0.0,1.0,11.0,17.0
1.5,1.0,9.0,10.0
0.5,0.3333333333333333,16.0,14.0
1.75,0.0,9.0,13.0
1.5,0.6666666666666666,6.0,7.0
0.5,0.6666666666666666,13.0,14.0
0.5,0.0,4.0,9.0
0.25,0.0,5.0,15.0
1.25,0.6666666666666666,16.0,15.0
1.0,0.0,5.0,19.0
1.0,1.0,13.0,8.0
0.5,0.6666666666666666,12.0,18.0
1.75,0.6666666666666666,8.0,13.0
0.25,0.3333333333333333,8.0,8.0
0.0,1.3333333333333333,13.0,14.0
1.0,0.0,2.0,19.0
0.5,0.0,4.0,10.0
1.0,0.6666666666666666,6.0,7.0
0.75,0.0,16.0,8.0
1.5,0.0,4.0,19.0
0.75,0.0,3.0,16.0
2.0,0.0,11.0,10.0
0.25,0.0,4.0,13.0
0.0,0.0,16.0,7.0
1.5,1.6666666666666667,15.0,16.0
0.5,0.3333333333333333,18.0,11.0
0.25,1.0,15.0,3.0
0.0,0.3333333333333333,17.0,13.0
0.25,0.0,14.0,17.0
1.0,0.3333333333333333,6.0,13.0
2.0,0.6666666666666666,9.0,15.0
0.5,1.0,15.0,9.0
2.25,0.0,2.0,14.0
0.25,1.6666666666666667,11.0,13.0
1.25,0.6666666666666666,3.0,10.0
0.75,0.0,13.0,17.0
0.0,0.0,15.0,12.0
2.25,0.6666666666666666,20.0,15.0
0.25,0.0,7.0,11.0
1.0,1.6666666666666667,17.0,9.0
0.25,0.6666666666666666,17.0,7.0
0.5,0.6666666666666666,11.0,7.0
0.5,0.0,9.0,18.0
2.0,1.0,14.0,9.0
1.25,0.0,16.0,8.0
1.75,0.6666666666666666,4.0,17.0
2.25,0.3333333333333333,5.0,20.0
0.25,1.3333333333333333,14.0,14.0
0.0,0.0,9.0,7.0
0.0,1.3333333333333333,17.0,15.0
1.5,0.3333333333333333,9.0,13.0
2.5,1.3333333333333333,15.0,16.0
1.0,1.0,12.0,11.0
0.0,0.0,18.0,17.0
0.5,1.3333333333333333,22.0,14.0
2.5,1.0,11.0,8.0
0.0,0.6666666666666666,6.0,12.0
0.75,0.0,10.0,17.0
2.0,0.0,3.0,18.0
1.0,1.0,6.0,21.0
1.5,0.6666666666666666,15.0,12.0
1.75,0.3333333333333333,8.0,11.0
2.5,0.0,4.0,10.0
2.0,0.6666666666666666,19.0,12.0
0.25,0.3333333333333333,15.0,12.0
0.0,0.0,12.0,12.0
0.75,0.0,14.0,15.0
1.25,0.6666666666666666,23.0,19.0
1.0,0.3333333333333333,9.0,12.0
1.0,0.3333333333333333,14.0,9.0
2.25,0.6666666666666666,4.0,17.0
0.25,0.0,6.0,13.0
1.25,0.3333333333333333,6.0,13.0
1.0,1.0,19.0,15.0
1.25,0.3333333333333333,14.0,6.0
0.75,0.0,13.0,6.0
0.0,0.6666666666666666,13.0,16.0
0.0,0.3333333333333333,7.0,16.0
0.25,0.6666666666666666,13.0,11.0
0.5,0.3333333333333333,7.0,11.0
1.0,0.0,13.0,9.0
0.25,1.6666666666666667,19.0,15.0
1.0,0.3333333333333333,16.0,13.0
0.75,0.3333333333333333,8.0,20.0
2.0,0.0,9.0,13.0
0.75,0.0,16.0,16.0
2.25,0.6666666666666666,20.0,13.0
0.75,0.3333333333333333,18.0,12.0
0.0,1.0,6.0,12.0
2.75,0.6666666666666666,5.0,14.0
0.5,0.0,16.0,15.0
0.0,0.0,17.0,14.0
0.25,0.6666666666666666,18.0,5.0
0.75,0.0,12.0,19.0
1.25,0.6666666666666666,16.0,13.0
0.5,0.0,6.0,11.0
1.75,1.0,14.0,15.0
0.0,0.0,8.0,18.0
0.5,0.3333333333333333,23.0,19.0
1.75,0.3333333333333333,12.0,13.0
0.5,0.0,8.0,10.0
0.75,0.3333333333333333,8.0,3.0
2.25,0.0,11.0,14.0
0.0,0.3333333333333333,6.0,13.0
0.0,0.0,4.0,17.0
2.0,0.3333333333333333,10.0,10.0
1.0,0.3333333333333333,6.0,15.0
0.25,0.0,14.0,6.0
0.0,0.6666666666666666,13.0,6.0
0.25,0.0,18.0,15.0
1.25,0.0,10.0,16.0
0.5,0.3333333333333333,14.0,3.0
1.0,0.6666666666666666,18.0,13.0
0.0,0.0,7.0,16.0
0.75,0.0,13.0,7.0
1.75,1.0,11.0,13.0
0.25,0.0,10.0,16.0
1.5,0.0,11.0,11.0
0.75,0.3333333333333333,7.8,15.0
0.0,0.0,16.0,12.0
2.0,1.3333333333333333,5.0,16.0
0.5,0.3333333333333333,7.0,16.0
0.5,1.0,10.0,16.0
0.25,1.0,8.0,18.0
0.5,0.3333333333333333,5.0,17.0
1.25,0.6666666666666666,12.0,10.0
2.25,0.6666666666666666,5.0,19.0
1.5,0.6666666666666666,10.0,7.0
0.25,0.0,7.0,10.0
0.75,0.0,4.0,16.0
1.0,0.0,8.0,14.0
0.5,1.0,17.0,8.0
1.25,0.0,4.0,18.0
0.5,0.0,9.0,17.0
0.0,0.0,4.0,19.0
1.75,0.6666666666666666,8.7,11.0
1.75,0.0,17.0,14.0
1.25,0.3333333333333333,15.0,18.0
0.0,0.3333333333333333,7.0,7.0
0.5,1.3333333333333333,7.0,17.0
2.75,0.6666666666666666,15.0,13.0
1.75,0.3333333333333333,14.0,5.0
0.5,0.3333333333333333,16.0,9.0
0.5,0.0,12.0,14.0
1.0,1.0,4.0,17.0
0.25,0.3333333333333333,10.0,11.0
1.25,0.3333333333333333,8.0,16.0
2.0,0.0,4.0,14.0
0.5,0.0,3.0,13.0
1.0,0.3333333333333333,9.0,13.0
3.0,0.0,8.0,12.0
1.0,0.0,2.0,16.0
0.75,0.3333333333333333,12.0,13.6
0.0,0.0,11.0,9.0
1.75,0.3333333333333333,11.0,7.0
0.25,1.0,21.0,6.0
0.0,0.6666666666666666,17.0,0.0
1.75,0.0,3.0,4.0
0.25,0.6666666666666666,17.0,8.0
2.0,0.0,10.0,15.0
1.5,0.0,12.0,14.0
1.25,0.3333333333333333,13.0,12.0
0.25,0.0,9.0,9.0
0.25,0.0,12.0,14.0
0.0,0.0,12.0,12.0
2.25,0.6666666666666666,18.0,14.0
1.0,0.0,13.0,19.0
0.75,0.3333333333333333,13.0,11.0
0.0,0.3333333333333333,10.0,15.0
1.0,0.3333333333333333,5.0,15.0
2.5,0.6666666666666666,7.0,16.0
1.25,0.3333333333333333,8.0,14.0
1.75,0.0,4.0,19.0
0.5,0.3333333333333333,14.0,12.0
2.0,0.0,4.0,13.0
0.25,0.0,3.0,12.0
1.75,0.0,5.0,18.0
0.25,0.6666666666666666,13.0,15.0
1.0,0.3333333333333333,8.0,18.0
0.75,0.0,10.0,12.0
0.25,0.3333333333333333,5.0,11.0
0.0,0.0,15.0,14.0
0.75,0.3333333333333333,16.0,11.0
0.25,1.0,7.0,11.0
